Reference, Quantity, Value, Footprint, Datasheet, LCSC, Field4
C10 C9 C8 C7 C6 C5 C1 C2 C3 ,9,.01uf,Capacitor_SMD:C_0402_1005Metric,,C15195,
C11 C12 ,2,33pf,Capacitor_SMD:C_0402_1005Metric,https://datasheet.lcsc.com/szlcsc/Guangdong-Fenghua-Advanced-Tech-0402CG330J500NT_C1562.pdf,C1562,
C13 C14 C15 C16 ,4,100nf,Capacitor_SMD:C_0402_1005Metric,https://datasheet.lcsc.com/szlcsc/Samsung-Electro-Mechanics-CL05B104KO5NNNC_C1525.pdf,C1525,
C18 ,1,1 uF,Capacitor_SMD:C_0805_2012Metric,https://datasheet.lcsc.com/lcsc/1810191216_Samsung-Electro-Mechanics-CL21B105KBFNNNE_C28323.pdf,C28323,
C4 ,1,.1uf,Capacitor_SMD:C_0402_1005Metric,,C1525,
Cboot1 ,1,0.1uf,Capacitor_SMD:C_0402_1005Metric,,C1525 ,
Chf1 ,1,220nf,Capacitor_SMD:C_0805_2012Metric,,C5378,
Cin1 ,1,10uf,Capacitor_SMD:C_0805_2012Metric,,C440198,
Cout1 Cout2 Cout3 Cout4 ,4,22uF,Capacitor_SMD:C_0805_2012Metric,,C45783,
D13 D12 D11 D10 D9 D8 ,6,4.7V Zener,Diode_SMD:D_SOD-323,,C136181,
D19 D18 D17 D16 D15 D14 D1 D2 D3 D4 D5 D6 ,12,D_Schottky,Diode_SMD:D_SOD-123,,C8598,
D20 ,1,15V standoff,Diode_SMD:D_SMB,https://datasheet.lcsc.com/szlcsc/MDD-Jiangsu-Yutai-Elec-SMBJ15CA_C113989.pdf,C113989,
D7 ,1,5.1V Zener,Diode_SMD:D_SOD-123,,C231290,
H6 H5 H4 H7 ,4,MountingHole,MountingHole:MountingHole_2.7mm_M2.5,~,,
JP1 ,1,Jumper_NO_Small,Jumper:SolderJumper-2_P1.3mm_Open_RoundedPad1.0x1.5mm,,,
L1 ,1,"8uH, 14m",Inductor_SMD:L_Bourns_SRP7028A_7.3x6.6mm,,C408450,
R0 R1 R2 R3 R4 R5 R6 R7 R8 ,9,500R,Resistor_SMD:R_0402_1005Metric,,C25130,
R11 R45 ,2,4k7,Resistor_SMD:R_0603_1608Metric,,C23162,
R37 R34 R31 R28 R25 R22 R13 R17 R21 R43 R44 ,11,100k,Resistor_SMD:R_0402_1005Metric,,C25741,
R38 R35 R32 R29 R26 R23 R12 R16 R20 R19 R15 R10 R18 R14 R9 ,15,1k,Resistor_SMD:R_0402_1005Metric,,C11702,
R39 R36 R33 R30 R27 R24 ,6,10R,Resistor_SMD:R_0402_1005Metric,,C25077,
R40 ,1,10k,Resistor_SMD:R_0603_1608Metric,,C25804,
R41 ,1,2k2,Resistor_SMD:R_0603_1608Metric,,C4190,
R42 ,1,4K7 1%,Resistor_SMD:R_0402_1005Metric,https://datasheet.lcsc.com/szlcsc/Uniroyal-Elec-0402WGF4701TCE_C25900.pdf,C25900,
R46 ,1,120R,Resistor_SMD:R_0402_1005Metric,,C25079,
Rfbb1 ,1,24K9 1%,Resistor_SMD:R_0402_1005Metric,,C25874,
Rfbt1 ,1,100k 1%,Resistor_SMD:R_0402_1005Metric,,C25741,
U1 ,1,TXB0104PW,Package_SO:TSSOP-14_4.4x5mm_P0.65mm,http://www.ti.com/lit/ds/symlink/txb0104.pdf,C60708,
U11 ,1,LMR33630ADDA,NANO:Texas_HSOP-8-1EP_3.9x4.9mm_P1.27mm_ThermalVias,,C841384,
U13 ,1,MCP23017-E/SO,Package_SO:SOIC-28W_7.5x18.7mm_P1.27mm,https://datasheet.lcsc.com/szlcsc/Microchip-Tech-MCP23017-E-SO_C47023.pdf,C47023,
U14 ,1,MCP2515-xSO,Package_SO:SOIC-18W_7.5x11.6mm_P1.27mm,http://ww1.microchip.com/downloads/en/DeviceDoc/21801e.pdf,C12368,
U15 ,1,TJA1051T,Package_SO:SOIC-8_3.9x4.9mm_P1.27mm,http://www.nxp.com/documents/data_sheet/TJA1051.pdf,C6952,
Y1 ,1,12Mhz,Crystal:Crystal_SMD_3225-4Pin_3.2x2.5mm,https://datasheet.lcsc.com/szlcsc/Yangxing-Tech-X322512MSB4SI_C9002.pdf,C9002,
